Name,Phone,Website,ZipCode,Area
Space Needle,(206) 905-2129,https://www.spaceneedle.com/,98109,Queen Anne
Seattle Center Monorail,(206) 905-2600,https://www.seattlemonorail.com/,98109,Queen Anne
Museum of Pop Culture,(206) 770-2700,https://www.mopop.org/,98109,Queen Anne
Pacific Science Center,(206) 443-2001,https://pacificsciencecenter.org/,98109,Queen Anne
Chihuly Garden and Glass,(206) 905-2163,https://www.chihulygardenandglass.com/,98109,Downtown Seattle
Pacific Northwest Ballet,(206) 441-9411,https://www.pnb.org/,98109,Queen Anne
Pike Place Market,(206) 682-7453,https://www.pikeplacemarket.org/,98101,Downtown Seattle
Seattle Art Museum,(206) 654-3140,https://seattleartmuseum.org/,98101,Downtown Seattle
Olympic Sculpture Park,(206) 654-3100,https://seattleartmuseum.org/,98121,Belltown
Seattle Asian Art Museum,(206)654-3210,https://www.seattleartmuseum.org/visit/seattle-asian-art-museum,98112,Capitol Hill
Central Public Library,(206) 386-4636,https://www.spl.org/using-the-library/reservations-and-requests/reserve-a-room,98104,Downtown Seattle
Smith Tower,(206) 624-0414,https://www.smithtower.com/,98104,Pioneer Squar
Seattle Aquarium,(206)386-4300,https://www.seattleaquarium.org/,98101,Downtown Seattle
Washington State Ferries,(206)-464-6400,https://wsdot.wa.gov/travel/washington-state-ferries,98121,Belltown
Seattle Great Wheel,(206) 623-8607,https://seattlegreatwheel.com/,98101,Downtown Seattle
Museum of Flight,(206) 764-5700,https://www.museumofflight.org/,98108,Southside Seattle
Boeing Future of Flight,(800) 464-1476,https://www.boeingfutureofflight.com/,98275,Mukilteo
Museum of History & Industry,(206) 324-1126,https://mohai.org/,98109,South Lake Union
Starbucks Reserve Roastery,(206) 624-0173,https://www.starbucksreserve.com/en-us/locations/seattle,98101,Capitol Hill
The Center for Wooden Boats,(206) 382-2628,https://www.cwb.org/,98109,South Lake Union
Kenmore Air,(425) 486-1257,https://kenmoreair.com/,98109,South Lake Union
Ballard Locks,(206) 780-2500,https://ballardlocks.org/,98107,null
Waterfall Garden Park,(360) 805-6700,https://www.pioneersquare.org/experiences/waterfall-garden-park,98104,Pioneer Square
UwajimayaÂ supermarket,(206) 624-6248,https://www.uwajimaya.com/,98104,International District
Burke Museum of Natural History and Culture,(206)543-5590,https://www.burkemuseum.org/,98105,University District